id;first_name;middle_name;last_name;original_name
c3f5419c-8d9a-432d-860b-a94ab4947351;Алан;А;Донован;
6b65bf42-0b71-40be-965a-4d46a88504f3;Брайан;У;Керниган;
ee4ea222-2d88-4b0f-bf22-dfa06e55be9b;Борис;;Черный;
ba1242a5-372f-4480-90ea-5aca58d4d1d0;Влад;;Ришкуция;
5cecd0f5-762a-4e82-9bda-122784bd2480;Макото;;Такахаси;
0fcdce58-e473-4a97-8b50-a474c079b143;Юхо;;Уэдзи;
89a0439b-9611-4d9e-9369-af8c1d22b7a3;Кит;Дж;Грант;
24335893-982c-45d3-93b5-173b2586c4d7;Эндрю;Дж;Пселтис;
6a5620a5-e4f6-45ba-9272-f1cf07c23bd0;Барри;;Поллард;
0738e27c-ee52-4791-86b7-9dbbe4fc9d3d;Джон;;Боднер;
6e00c63c-d5cb-4c99-807d-64d08aa58b60;Уильям;;Шоттс;
91ae8e0a-8704-4f5c-9b93-97676f67edd1;Брайан;;Уорд;
65e2094c-1f7a-4a90-9d34-5c5afdce6d16;Эдриен;;Моуэт;
637c77d9-dcd1-49ad-8993-cec0b414c272;Тоби;;Сегаран;
0a16eb46-3f53-423e-9b9c-53d15d6520a3;Ниа;;Нархид;
5d4de8c3-7106-4e95-9721-cb14936b19d0;Гвен;;Шапира;
0cd1b60a-55b2-4c81-a7f7-53560fd85a7c;Тодд;;Палино;
3023662d-bb50-4038-9860-a13c11df4d65;Миран;;Липовача;
5bfce49e-24f2-4f6d-891b-8860aec04bca;Уилл;;Курт;
2a2fcc34-35a7-4cd0-9b49-ace747ee2430;Ярон;;Мински;
27ff3f85-1227-44dc-80eb-c0838411cb9d;Анил;;Мадхавапедди;
84e3aae4-13e7-4c7b-aa4b-48794a84f73d;Джейсон;;Хикки;
75d2cac5-b33e-4e2b-9fa3-aaabd289b59c;Фред;;Херберт;
3a5856c1-a5c3-4cf6-80aa-7f76fc46bca4;Франческо;;Чезарини;
b7775297-5061-4b61-9863-63d5144ab5f7;Саймон;;Томпсон;
b07e7285-072b-47a3-9af9-1db78fe1d303;Тим;;Макнамара;
5dbd7d30-ef5c-4e16-b01e-b0b9de80ed64;Джим;;Блэнди;
9fb74156-e655-4a44-bc93-7009c64f448c;Джейсон;;Орендорф;
40ca39e0-8300-43d6-892a-d7ceb770612f;Дэвид;;Гриффитс;
17b9b2f0-b4fd-41e8-9b51-74f03bbaa71c;Дон;;Гриффитс;
30cb2078-2979-4117-b9d6-10e5974e7929;Андрей;;Александреску;
6ad7dc82-ffb1-48a6-8f70-afe15950e65f;Стивен;;Виноски;
a2fba07a-15c5-4997-a591-dc08175d2ba9;Касун;;Индрасири;
407b9de2-d505-4b08-956b-284090ece91f;Данеш;;Курупу;
e7a3f7c3-ca3c-4ece-bab7-be95426a176f;Дерек;;Йонге, де;
6cb7536c-9e90-4e7e-a0fc-8e9944909a5c;Чарльз;;Уилан;
e5a10488-5d77-4edd-a328-1cb8d181d13b;Артем;;Генкин;
2d672644-5ee0-4aea-93d5-f09ef1876e0d;Алексей;;Михеев;
cc45308f-bc06-434a-b9f2-455e04d1ab06;Штефан;;Коттвиц;
d392e217-f637-425b-9602-23686d934174;Николас;;Старгардт;
c2f65f1d-b161-4412-ac2a-cad2c120d323;Дарелл;;Хафф;
5bdd851c-f3b4-4952-950f-da38d01086b0;Гэбриел;;Гамбетта;
9d223594-47f0-480b-af69-c506a1e4b3ff;Сергей;Дмитриевич;Кургалин;
fda61001-0382-4e7a-838a-6a999f78d353;Сергей;Викторович;Борзунов;
514d58b5-4335-41b2-9d3c-f21d841917ee;Роберт;С;Сатор;
54364308-6848-479d-b0a6-deabde386518;Мартин;;Фаулер;
851586a9-ba10-4132-a018-3b24337a8cf4;Жерар;;Галлан;
e0e1f14f-26a4-4435-9086-8a7b76b11ace;Крис;;Ричардсон;
4b0b93ea-79ef-45bf-ae64-2afc38273eac;Бен;;Клеменс;
6ebf99f7-3bc0-40c1-ad78-e718cf16bf73;Марвин;;Минский;
a13f4eb3-3079-4b8e-a5bf-aea271a9feb1;Эммануил;;Гадзурас;
2518f044-71b6-4dad-81b1-fcb1f083a932;Грегор;;Хоп;
1fa4b6b5-809f-4443-adf4-862dc8584f6f;Бобби;;Вульф;
e986234f-0267-49e1-92c3-4dda3bbbdb09;Раджу;;Ганди;
c79a6227-b80e-43c1-86ef-cba1755a8ebc;Пол;;Грэм;
b182b155-9174-4c12-bc69-1e212c2c1bb3;Харольд;;Абельсон;
3b43d2ec-6f53-43bf-bc97-8dcaf043f84b;Джеральд;Джей;Сассман;
d68caa6b-ee15-4f34-8ed3-320fa6737610;Камран;;Амини;
4036c10c-f9d8-4f3b-95e2-5d48e5c80f8a;Ги;;Меттан;
ea8ff7fc-2ae4-4c93-8a57-820e3b1edc0d;Роман;Викторович;Душкин;
d1be4820-eb27-4acf-8396-db0ededc921c;Сайбал;;Гош;
76a10206-ae89-47f5-8a2b-4c58ba74d7d8;Кей;;Хорстман;
0194d550-2f64-4ec0-a774-e3b647b1623c;Марко;;Лукша;
edfa76b2-3683-4d89-8963-ba0d7c8e935b;Питер;;Принц;
dc2a79ea-fec8-410d-abea-971a6cc2e29c;Тони;;Кроуфорд;
c2e39536-7d69-4ed8-9580-e0a456834caf;Пол;;Дейтел;
b8c8fae3-1538-482e-b09c-c8b0c4bff83f;Харви;;Дейтел;
4e4c1a89-4799-457f-b7cf-b6c0fd11c218;Роберт;С;Сикорд;
b53ec6b1-f8ba-48ae-8ce2-0510cfc03f4e;Эрик;;Мейер;
1c634037-a5e3-4b59-abe4-201eb8cb3f9c;Олег;Васильевич;Мантуров;
54d91449-8446-4d6a-874e-c442d5524138;Деннис;М;Ритчи;
63131a04-0b10-49b3-b452-5423c12c038e;Алехандро;Серано;Мена;
00e76f72-0193-4f06-808d-d1ba66e9a480;Джоэл;;Грас;
267cfbd2-69db-47c2-97ac-19dfbd4286d1;Рахул;Девендрович;Верма;
99ac8294-ed22-4b7f-ace0-0bc589aa4fe3;Грант;С;Ингерсом;
4b30ac1d-cbd1-49f3-ab9f-a3f334a35240;Томас;С;Мортон;
9f438e54-81fb-408b-8039-f8cccfe22937;Эндрю;Л;Фэррис;
8aca9a34-d577-4b02-a027-ed4f3d23dc8d;Роб;;Пайк;
ee50557a-7923-430e-b5ef-cbf9bb45b694;В;;Босс;
f04d1a43-00ec-4ed4-9554-8cfb89e06913;Герман;Александрович;Шаров;
60a45c28-b708-4b3e-8608-058e5d04de8d;Наум;Шевелевич;Кремер;
73f34539-243a-4488-9fac-59a2983c0a00;Феликс;;Хаусдорф;
56a033ac-fc2c-4c4b-ab6b-78e0cf91c88e;Саймон;;Марлоу;
aa9b6432-dd20-4d4b-bddb-b12c897753c7;Питер;;Сайбель;
6db22bc1-dc19-4630-81ba-0b32134a3362;Евгения;Андреевна;Тимофеева;
92c0f20d-9f8b-48e6-8a03-f499535b722c;Тея;;Мепсхен;
1f2bdbe5-3284-4462-ae19-c9ce50e1a4d7;Галина;Васильевна;Шарикова;
42446949-1438-42c3-aef5-06787a61b04c;Ольга;Станиславовна;Кобринец;
34898b9a-077f-4e26-b950-abbef808760b;Татьяна;Николаевна;Дренясова;
46f0c91c-4c28-46a0-b1b7-cd123d5bc6f5;Сергей;Александрович;Миронов;
10e72c21-d46c-4e8e-8579-4c9374130681;Любовь;Сергеевна;Щечкова;
bd9b3602-56bd-4acf-b993-f5fcd8f495fc;Евгения;Фёдоровна;Гринёва;
94cccd19-32cf-4234-9998-50906732a5c0;Татьяна;Николаевна;Громова;
a8f34ede-5aeb-45c6-bf61-5208fd5c50a8;Эрнест;Борисович;Винберг;
e6d63873-6d06-4295-b2ce-fadea8b95b2d;Кайл;;Симпсон;
d2e63bdf-6be2-4a9a-8f39-2a1e0726da7b;Александр;Иванович;Матвеев;
bd8c5ea7-6389-451e-8be2-b69d318cc7f8;Гастон;;Може;
50d89cf4-38b5-4ef7-9bd2-f44fae5207d2;Инна;Ивановна;Богатырёва;
ff687b58-31d8-4abc-9cc2-7c06dc6c7cd0;Джозеф;;Джарратано;
c5d85a62-51e6-48fc-aed8-f64bf82be244;Гай;;Райли;
b323554d-3355-437e-a231-756014ecad8a;Тарас;Викторович;Ивченко;
8615155f-8d9a-41e3-9ea8-df56cf57d440;Цзя;;Май;麦家
f73fa4de-0c88-4c48-a527-b37e51e45de7;Гай;;Стил мл.;Guy L Steele Jr.
6c0f6003-faee-45dd-907b-1fdfee045c73;Джон;;Скит;Jon Skeet
5c69cae6-098a-47d2-b36f-a4cc9fb0ea19;Арнольд;;Роббинс;
59694070-7c5e-4146-8e46-361ddf7f8fe8;Рюноскэ;;Акутагава;
37a86d7e-e37e-41e3-8fe1-3d20ee897daa;Садзанами;;Сандзин;
bc34772e-7bd7-4a50-8a6d-c525fac38214;Адитья;;Бхаргава;
d417a847-cb44-4e74-8f14-2f75850e1e64;Эрик;;Норманд;
6e8f9352-0cc7-49c7-8b1e-d1049c121395;Махмуд;;Азар;
1e2998c0-3f51-4e3a-9c19-7fa495ce6a6e;Сергей;Александрович;Матвеев;
354d6ef4-85d5-40c5-89a0-0d665364be82;Джек;;Смарт;
ff28f85f-4610-49ca-b539-392d7bd7fb3f;Франсис;;Альторфер;
a1700d75-c000-42ec-983d-af06d55fb93d;Константин;Александрович;Левинский;
a0421dc4-2595-40c3-8d94-5e73ae14e706;Том;;Стил;
db51276e-4bae-4083-8d21-8d9c1026665d;Крис;;Паттен;
0820bc7e-3d82-45ea-8144-6aded2e2341a;Дэн;;Коттманн;
edb60300-e6bb-43c7-b298-8a734629819d;Вера;Сергеевна;Морозова;
2d80a986-7ab1-4744-a1a0-30449ba8402a;Ольга;Николаевна;Цвигун;
51480543-eb74-4eba-a14d-e07dc2a4dafa;Мария;Николаевна;Пушкова;
f9b3a4de-3ad0-4825-9de8-3fd72eb3996a;Лариса;Евгеньевна;Шишулина;
15c228e7-dad0-4953-8382-f0a00c85af94;Петр;Викторович;Осколков;
8e441559-fb71-4660-b4c2-6a5bfaa69bfc;Егор;Александрович;Сергеев;
68c0e16b-5e8d-4a7d-9a3b-0a91c04aa804;Андрей;Константинович;Игнатенко;
f4604e23-5323-4a02-8e76-87c9a7a381c9;Роберт;Д;Борсли;
ab59ec43-da18-4888-9786-7fcd757a6790;Алан;Рис;Коуни;
51dd327e-188a-4530-a300-0857a796ac6a;Ян;;Фриз, де;
ab66047b-d22f-41d7-95be-d41e6dd6926b;Сюэчень;;Коу;
dc417ccb-06a9-4cc2-983b-3128b36849ed;Хунгэн;;Чень;沈鸿根
a078ca9f-dba8-4a56-8751-3abe6cfadd19;Джо;;Армстронг;Joe Armstrong
894a12ee-fec4-4f99-83e4-4cbaa37fe351;Дэвид;А;Торн;David A Thorne
6af030be-f12d-4650-a610-ddbd9bac471b;Дэвид;;Уиллис;David Willis
9dad88a0-3dc0-4291-8650-e4a63bb72ed9;Мэгги;;Толлерман;Maggie Tallerman
77206a0e-f16a-4a63-9770-cf3e52badf66;Генрих;;Гейне;Heinrich Heine
6f698d35-518d-40e8-87b5-e4f427875cdd;Томас;;Петричек;Thomas Petricek
f2865c4c-559a-4405-ab5e-bf69ad283b63;Герди;;Квист;Gerdi Quist
e96eba04-3f93-4fe8-bdba-3f55cc912406;Деннис;;Стрик;Dennis Strik
885910c2-3ca7-4f6f-813c-c0d723fb6c4e;Джули;;Брейк;Julie Brake
1751e7cf-afbb-4235-a107-b90e12ff99a0;Кристин;;Джонс;Christine Jones
842d073c-e8fe-49d0-b97c-faf84f248de6;Фридрих;;Ницше;Friedrich Nietzsche
659fe2c8-edec-4fb1-b42d-8327fade7789;Хайлун;;Лян;梁海龙
4c969463-59c2-46ba-bd07-9edfef8178bd;Ринк;;Хаан, де;Rienk de Haan
e6869be7-fa54-46dd-bf54-20be476a7585;Арьян;;Хют;Arjan Hut
f9f06ab6-750a-4e3c-8423-8f2d0d67945e;Яннеке;;Спулстра;Janneke Spoelstra
3c865603-cfeb-4ec9-8e13-dd2718a429d5;Янтсье;;Пост;Jantsje Post