id;title;original_title
6b9f4584-ff19-4e62-bc7e-a95fb4502051;Французский без проблем;
6480e20f-bc73-465d-b7c6-42d26969b163;NGINX. Книга рецептов;
54c8fb52-ae43-43a3-a267-034a05b6f9fc;Common Lisp. The Language. Second Edition;
d9f5320f-d8ca-4dcb-8084-89456354e39c;Программируй на Haskell;
cd6cd9fd-5517-46d0-bd51-792e242296bc;Шаблоны интеграции корпоративных приложений;
766fc5ba-b514-4797-8b19-f29a6c4386de;Эффективный C;
e28e7a4c-2b08-4336-8e62-9e32cd060d17;Язык C. Справочник;
727a9965-be85-4b2a-93b7-9e594131d95a;Обработка неструктурированных текстов;
64071019-c2cd-416b-ae41-4233d538d062;Новый нидерландско-русский словарь;
4ae7b621-e656-4e37-a712-d9ef6607220e;Разговорный нидерландский в диалогах;
371e00e5-8c5f-4636-8385-e1ba8c911793;Грокаем алгоритмы;
6f3763e7-1edf-4c27-a96b-87a63e1f257c;Грокаем функциональное мышление;
0cec96a9-5c4c-4e90-ac38-93353358afb8;Нидерландские глаголы в таблицах;
882a95cc-3d48-459a-b407-abdd0f157c2d;Арабский язык! Большой понятный самоучитель;
c72a21cd-d29c-4921-a2c9-4a771a13464b;gRPC: запуск и эксплуатация облачных приложений Go и Java для Docker и Kubernetes;
ef1f5c5f-1255-4cb9-b2b5-dcae9deaab2f;Линейная алгебра;
ed450af9-3206-461e-b2eb-2e183a0aa63a;Программирование на языке Rust;
0d9343ef-e91a-4590-82c4-a23c92784b5f;Real-World Functional Programming;
8102a05b-3e7d-4e43-b7dc-b8c8d12e149d;Go идиомы и паттерны проектирования;
9f6986d1-9c65-4691-ac6e-cdeaa93d638e;Байесовская статистика;
0488c995-28f4-4ede-b871-84a554775437;Профессиональный Typescript;
14e4f048-5911-44e2-9486-88b058476aca;Функциональное программирование на языке Haskell;
7548a963-5ba7-4681-a138-7cc9968a6b9b;Использование Docker;
eb7cee1f-2478-49d0-bb28-b2d3738e711d;Коллективный разум;
2028abfc-98db-41ca-a08c-cbbf2b5cdc06;Командная строка Linux;
a4884ac3-e02d-4774-a115-89f3daf75458;Внутреннее устройство Linux;
4a9c3ba3-709e-48fe-8518-8a58da08074b;Потоковая обработка данных;
08a8b2c1-cabc-4721-9487-ade29562e3dc;{Вы не знаете JS} ES6 & не только;
1df02cfd-8546-47f0-87a9-9aaf2a235927;Программируй & типизируй;
d4476103-3aa4-4a49-b39f-3ab9e17c148e;Программирование на языке OCaml;
0af09799-d66f-434c-8603-389efded4586;Rust в действии;
9a2e0c8a-8f1d-4e14-835b-30a93fe59503;Изучай Haskell в имя добра;
0b5e25ae-01ff-4871-826a-81ae39e28ad8;Программирование в Erlang;
5169d705-c8fb-40f5-858a-bb4bc19d1e91;Проектирование масштабируемых систем с помощью Erlang/OTP;
f6db7a67-e410-4319-9b0c-93171169dd35;Изучай Erlang в имя добра;
f7bb1f8c-bd76-42a4-85e1-b7e4224b9b97;Язык программирования D;
90130f56-2d5d-4913-a6bf-3a9f0142068e;Рефакторинг: улучшение существующего кода;
559f4908-aeeb-48b8-bd60-e3da7d4c34a3;Изучаем программирование на C;
7953f750-b56a-458f-a49e-c4c642da5b5a;Docker Compose для разработчиков;
31dc505f-2b28-4913-bf1b-3cbb881d024e;Квантовые вычисления;
9630c892-fc0a-4743-a752-3f40327466f0;Programming Erlang;
2734cf3e-8ad0-49bc-b170-e74cd923cb93;Язык программирования Си;
b2ccffa5-3d9a-4f2f-9a7c-7cb0b2b8f6eb;Data Science. Наука о данных с нуля;
b903e007-6903-4062-8a20-5fd5d5c96367;Практика программирования;
c99235e7-8696-4546-ba9b-bbbd2e2960d7;Структура и интерпретация компьютерных программ;
f0055c0a-dc92-4f43-8f70-573e0b8ee9af;Введение в OpenGL;
36b9dbbc-b65e-4751-aaaf-d0fded422986;Запад-Россия: Тысячелетняя война;
8ed190b2-25fe-43de-8845-2603af3a2d19;Scala для нетерпеливых;
0b08cfbe-ff4f-4d8c-9522-41185cbc7a42;Docker без секретов;
42503c7d-d6fa-4f0d-bcfb-73833451a48a;C для программистов;
b1782c00-0ab5-4680-9c1a-fa26c7458bcf;Kubernetes в действии;
22a62399-ce4b-4098-b5fd-975f2bb1f4a9;Изучаем Haskell;
ab468f4f-ddb6-4506-9937-83b39fd31aa6;Справочник по языку Haskell;
d924927b-b71a-4697-bfc8-15fbcf970da3;Элементы тензорного исчисления;
999013c7-be5a-4b47-af09-8101ae9e41ef;CSS - каскадные таблицы стилей;
e1d0c3f3-0fea-4b51-8149-693f2480316c;Вероятность, информация, статистика;
1699520a-5e38-426e-8185-7d35e4cf946e;Курс алгебры;
95e8d677-95f1-4c1e-8ea2-b4e354303b25;Алгоритмы, логика, вычислимость. От Диофанта до Тьюринга и Гёделя.;
4a1c4d28-a5b3-4318-b863-bcf3b60bedc8;Векторное, матричное и тензорное исчисление;
1c9679b0-8f2a-439c-bfc9-978b8e9b5ab6;Теория множеств;
3ac2dbb8-5b23-472e-a1c4-d2e4460348c7;Параллельное и конкурентное программирование на языке Haskell;
924c0578-4dfd-45ce-b1fb-3ca575643839;Экстремальный Си;
be25aa1e-741f-434b-84c7-0c47a2f22c94;Сообщество разума;
35814ef6-7fcd-47c6-a7c8-c1614ef8546a;Голая статистика;
010eaf3b-c0b5-4ad5-88c7-462a89eb062d;Как лгать при помощи статистики;
ba536363-66c1-41ae-ae86-623927e1031d;Head First. Git;
966bccfc-c87a-42f0-8f92-459b302e329c;Блокчейн для всех;
3759516a-bd76-4108-b6e2-97adf7d4a8b7;Компьютерная графика;
b3b09d14-b378-4ff4-8de6-809f76122ffd;LaTeX: руководство для начинающих;
1f8ed804-be4a-4bd9-b270-a03a985aa440;Танец с кубитами;
c66d34e9-8e81-48aa-b72a-59a780d71e42;WebAssembly в действии;
08f6a20a-24a9-4845-9ccf-b06dba92a865;Микросервисы;
c5640dce-d089-4a81-bcdb-7385a314da2f;Язык C в XXI веке;
e9487a32-3154-4dde-b90e-f813bbf7777f;{Вы не знаете JS} замыкания & объекты;
2ceffadc-9eac-4b2f-b19f-781a25505252;CSS для профи;
1aeae0ee-28a7-4562-8121-c5781e49c693;Мобилизованная нация;
75bc6bbf-a3ce-465f-be6e-73be6a2b02a3;Fries voor zelfstudie;
3c9e92ce-89c8-471b-a1f0-2d1bbffeba58;ANSI Common Lisp;
d0e420c9-1590-4d64-bda1-4dd6a40f8cb9;Теория вероятностей и математическая статистика;
760ea9f1-e835-4495-b09e-562288ac3bcb;Нидерландская грамматика в таблицах и схемах;
d57d25d3-5fc0-460e-befe-44949caf5201;HTTP/2 в действии;
b35974a3-6e5a-487a-8968-e4cc26137da7;Анализ;
9980588c-18a1-4566-807b-7f85ad7d2259;Функциональный анализ;
0950e2e1-85ae-42af-a469-28ce73f916aa;Apache Kafka;
d8d004c1-4148-446f-a7fa-c20e87e6a75c;Записки фронтового контрразведчика;
c545c8ce-a831-4a58-b99e-48d5de8490cf;Экспертные системы;
9a0f657b-aff3-4c37-927a-b7936fc861ce;Китайский язык. Полная грамматика в схемах и таблицах;
7fe7efa6-0ef9-4894-835d-c4a7b5b0c6fd;Bash. Карманный справочник системного администратора;
8e962275-57a8-4f0d-8089-dca589bf8bf4;В стране водяных;
9c99029c-b24b-43bf-82ae-86e8a40aa204;Арабский язык. Полный курс;
a60866c7-10f0-4c84-8f67-0da4243a762e;Сказания древней Японии;
379d806d-1a16-4f1b-915f-a43c4988a002;Pocket Welsh Dictionary;
fd466928-8387-46fa-8977-697e414af30f;Секреты французской грамматики;
8c4db79a-0462-4bf6-8b71-772ec9276b5e;Практическое использование Common Lisp;
2521fc4a-ff3e-40df-8179-70ccf141fd44;Полный курс латинского языка;
2ca1f479-25a8-4f5f-8e8a-43dd91220e80;Black Hat Go. Программирование для хакеров и пентестеров;
24fd5299-6c68-4ebb-bedd-77d4a33faddb;少林罗汉秘传武功;
9e790baf-423c-4de0-a2e4-541695f65cf4;Woordenboek Nederlands;
615f994b-3ab2-4a2c-b1c7-ca9330835999;Нидерландский язык. Справочник по глаголам;
efa345d3-3590-4bda-a603-041b89e31aaa;Нидерландский язык. Тематический словарь;
998804bd-8e13-4898-adae-0ddda2848443;Русско-голландский тематический словарь;
9563a401-0e5c-4147-8330-43c74719a24e;Нидерландский язык. Общий курс военного перевода. Учебное пособие в двух частях. Часть 2;
eae51148-0a90-4fb4-a562-d6ee04412174;Нидерландский язык. Общий курс военного перевода. Учебное пособие в двух частях. Часть 1;
e4986413-9739-4c12-ae9c-e93c1a759a57;Учебник языка африкаанс;
a99e497c-fdfd-4be5-b3a0-59c9af42d56e;{Вы не знаете JS} асинхронная обработка & оптимизация;
4d64618c-db47-4660-b107-be4dfdd2efc7;{Вы не знаете JS} типы & грамматические конструкции;
3f709f4d-51f5-4e1e-84dc-5b246fdd503c;Heines Werke in fünf Bänden. Dritter Band. Atta Troll. Ideen - Das Buch Le Grand. Englische Fragmente. Reise von München nach Genoa. Die Bäder von Lucca. Einleitung zu 'Kahldorf über den Adel';
bd0d05e3-2321-4625-9a05-e2995ebae852;14 занимательных эссе о языке Haskell и функциональном программировании;
d869804b-90f7-4e74-93f1-401645a7b260;Большой русско-нидерландский словарь;
570c28d3-ddbc-4613-8462-5233ccdc7b30;A Comprehensive Welsh Grammar;
276ccf5a-f8aa-4c7e-8d57-504c65eecf0c;A Dictionary of Welsh and English Idiomatic Phrases;
ebf80699-1679-4396-ac5e-cb7f51ba6758;Complete Dutch;
b81a8393-59d9-4bd1-8767-39697c48a870;Complete Welsh;
d87e1385-43bf-43a0-a07e-30abe6bf4cd8;Латинский язык. Самоучитель;
7338aa9e-29e6-4a82-9759-5d3aa570b596;Etymologisch Woordenboek. Waar komen onze woorden vandaan?;
86c8506a-77a6-497a-9146-f1f24737ba5e;Latin Dictionary;
3882f386-97b5-4833-bd9b-48dffe5e8e8d;实用行草字帖;
2266ccfe-228a-4bc9-b7e5-a0abc3babe1d;行草7000通用子;
50abc009-2a1e-4a0e-8014-eca1fcc9483f;硬笔快写技法;
174ada97-79d5-48fd-9f24-65481fa74e4f;The Syntax of Welsh;
b7b8ffc5-30f9-4ed1-9cee-9650f47c593d;Heines Werke in fünf Bänden. Fünfter Band. Zur Geschichte der Religion und Philosophie. Über den Denunzianten. Ludwig Börne. Die Februarrevolution. Geständnisse. Memoiren. Vermächtnis;
6fe36235-44d8-4f47-8316-3893805b841f;Heines Werke in fünf Bänden. Erster Band. Gedichte;
2121f6ae-8f8f-4e0e-9f4e-2fc88a41cd83;Нидерландский язык. Справочник по грамматике;
85bfbdf5-4991-4ea2-a978-0cf075e95d90;Французско-русский словарь;
6290f246-2922-4af2-a7ca-a1419551c39c;Курс французского языка. Книга 1;
b7eed3d3-3cc4-4d7f-8833-f84dd45fe163;Нидерландско-русский словарь;
08ac494a-8f4a-401e-abc1-27b0b3fa5356;Арабская графика. Прописи;
5886f75f-486a-4910-8ebe-2e11143a2aa8;Арабская графика. Учебное пособие;
79efb5d6-5340-4d22-a949-e73acb901306;Heines Werke in fünf Bänden. Zweiter Band. Atta Troll. Deutschland - Ein Wintermärchen. Der Rabbi von Bacherach. Die Harzreise. Aus dem Memoiren des Herren von Schnabelewopski;
533a58aa-3c23-46b4-a95f-6df907d00a85;Heines Werke in fünf Bänden. Vierter Band. Französische Zustände. Die romantische Schule;
cad62e84-62c8-4af3-abef-c0252836545a;Голландско-русский словарь;
f946e77a-88f2-422c-8ee3-b89dd8ed40d2;Шум ветра;风声
0272f183-d8d4-46ed-bad8-b57b2af601de;Also sprach Zarathustra;
87c1fb19-f0f3-4901-826d-7513d770a38b;Квантовые вычисления и функциональное программирование;
30eaf5cb-d18f-47f0-8b2b-1756d3849670;Язык программирования Go;
a827b012-32a0-4537-86bb-f30fbc0d1e9d;Fries - Nederlands. Nederlands - Fries;
